{
  "model_type": "gru",
  "input_size": 6,
  "sequence_length": 20,
  "hidden_size": 128,
  "num_layers": 2,
  "nominal_capacity": 1.0720550284324273,
  "feature_mean": [
    3.323249232961072,
    0.014207750906075673,
    10.406645649303472,
    1.003511121624046,
    0.5254082695266327,
    0.24405015796717383
  ],
  "feature_std": [
    0.26418785014279467,
    0.9444339866309609,
    7.91596380593943,
    0.0016425015174123829,
    0.2876943454350412,
    2.9288769741928506
  ],
  "feature_names": [
    "voltage",
    "current",
    "temperature",
    "dt",
    "cumulative_ah_norm",
    "power"
  ],
  "training_history": {
    "train_loss": [
      0.021755506217232323,
      0.0006640258206971339,
      0.00045778328239975963,
      0.0003879336109093856,
      0.00034609133672347525,
      0.0003282421248513856,
      0.00030254494231485296,
      0.0002933591908913513,
      0.00027708790912583936,
      0.0002832053990005079,
      0.0002616135050175217,
      0.0002703797192680213,
      0.00024922164493546006,
      0.0002532999060349539,
      0.0002596119122699747,
      0.0002326340008949046,
      0.00023020701155473944,
      0.0002121964216712513,
      0.00021351501550270768,
      0.00020174399537609133,
      0.00020065612625330687,
      0.00017332134484604467,
      0.00017484828140368336,
      0.00015516539883719815,
      0.00015442322160197364,
      0.00013410309111350216,
      0.00013120500989316497,
      0.0001262354928712739,
      0.00011881432817517634,
      0.00011696396609295334,
      0.00011097210369825916,
      0.00010384195843471389,
      0.00010408654839011433,
      9.708122547635867e-05,
      9.183893723729852e-05,
      8.976512651770463e-05,
      8.93277730256159e-05,
      8.803653565792047e-05,
      8.6503689658457e-05,
      8.992822995423921e-05,
      8.297175349980535e-05
    ],
    "val_loss": [
      0.000742816089768894,
      0.00019452856940915808,
      0.00012562218489620136,
      0.00010450026820763014,
      8.135355983540649e-05,
      6.342924416458118e-05,
      7.807647398294648e-05,
      6.181114531500498e-05,
      4.7514175548712956e-05,
      4.33358422924357e-05,
      8.916705610317877e-05,
      5.4980145705485484e-05,
      5.9229644193692366e-05,
      5.923903836446698e-05,
      7.749796895950567e-05,
      3.212277169950539e-05,
      8.39905414977693e-05,
      0.00010670574101823149,
      3.5742016279982636e-05,
      5.839861296408344e-05,
      4.984753786629881e-05,
      7.521530460508075e-05,
      0.000139963514811825,
      9.846701414062409e-05,
      0.00015685815560573246,
      0.0002751449355855584,
      0.00018665780953597277,
      0.00019222420451114886,
      0.00022177503524289932,
      0.0002534028026275337,
      0.00025237178488168865,
      0.0002007548919209512,
      0.00032452415325678885,
      0.0003766649206227157,
      0.0003025325986527605,
      0.00028994373860768974,
      0.00033942748632398434,
      0.000318663729558466,
      0.00031157429111772217,
      0.00034024433625745587,
      0.00032394318986916915
    ]
  }
}